<?xml version="1.0" encoding="UTF-8"?>
<project name="Create Assets" default="Create Assets" basedir="."> 
	<target name="Create Assets">
		<copy todir="./assets/project64_data/Lang/">
		    <fileset dir="../Lang"/>
		</copy>
		<copy file="../Config/Audio.rdb" todir="./assets/project64_data/Config"/>
		<copy file="../Config/Video.rdb" todir="./assets/project64_data/Config"/>
		<copy file="../Config/Project64.cht" todir="./assets/project64_data/Config"/>
		<copy file="../Config/Project64.rdb" todir="./assets/project64_data/Config"/>
		<copy file="../Config/Project64.rdx" todir="./assets/project64_data/Config"/>
	</target>
</project>